suikei_name,river_name,url
•xmì…Œn,•xmì,https://frlg.river.go.jp/GetLongitudinalData?river_system_code=0308&river_code=8303080001&dataMin=0&ver=1.3.1&detail
•xmì…Œn,“Jì,https://frlg.river.go.jp/GetLongitudinalData?river_system_code=0301&river_code=8303080395&dataMin=0&ver=1.3.1&detail
•xmì…Œn,dì,https://frlg.river.go.jp/GetLongitudinalData?river_system_code=0301&river_code=8303080558&dataMin=0&ver=1.3.1&detail
•xmì…Œn,“úì,https://frlg.river.go.jp/GetLongitudinalData?river_system_code=0301&river_code=8303080543&dataMin=0&ver=1.3.1&detail
•xmì…Œn,‘ì,https://frlg.river.go.jp/GetLongitudinalData?river_system_code=0301&river_code=8303080267&dataMin=0&ver=1.3.1&detail
•xmì…Œn,Œä’ºgì,https://frlg.river.go.jp/GetLongitudinalData?river_system_code=0301&river_code=8303080644&dataMin=0&ver=1.3.1&detail
•xmì…Œn,‰–ì,https://frlg.river.go.jp/GetLongitudinalData?river_system_code=0301&river_code=8303080657&dataMin=0&ver=1.3.1&detail
•xmì…Œn,‘÷ì,https://frlg.river.go.jp/GetLongitudinalData?river_system_code=0301&river_code=8303080471&dataMin=0&ver=1.3.1&detail
•xmì…Œn,’Øì,https://frlg.river.go.jp/GetLongitudinalData?river_system_code=0301&river_code=8303080602&dataMin=0&ver=1.3.1&detail
•xmì…Œn,‘ê‘òì,https://frlg.river.go.jp/GetLongitudinalData?river_system_code=0301&river_code=8303080031&dataMin=0&ver=1.3.1&detail
•xmì…Œn,‹«ì,https://frlg.river.go.jp/GetLongitudinalData?river_system_code=0301&river_code=8303080400&dataMin=0&ver=1.3.1&detail
•xmì…Œn,•½“™ì,https://frlg.river.go.jp/GetLongitudinalData?river_system_code=0301&river_code=8303080479&dataMin=0&ver=1.3.1&detail
•xmì…Œn,‘Šì,https://frlg.river.go.jp/GetLongitudinalData?river_system_code=0301&river_code=8303080459&dataMin=0&ver=1.3.1&detail
•xmì…Œn,‘êŒËì,https://frlg.river.go.jp/GetLongitudinalData?river_system_code=0301&river_code=8303080434&dataMin=0&ver=1.3.1&detail
•xmì…Œn,ˆ°ì,https://frlg.river.go.jp/GetLongitudinalData?river_system_code=0301&river_code=8303080396&dataMin=0&ver=1.3.1&detail
